,Area,equivalent_diameter,orientation,MajorAxisLength,MinorAxisLength,Perimeter,MinIntensity,MeanIntensity,MaxIntensity
10,53475.353388,260.93473245677563,16.707630117950217,267.6691375374132,267.6385529575056,996.7775216616061,39.0,238.88331155591015,255.0
11,35.03972,6.679368019539542,48.655699537085894,11.803629444034884,3.9992061676590422,27.433588719521556,205.0,245.2235294117647,255.0
12,74.820108,9.76032377777273,27.05592087746855,12.078322965730909,8.119040288087335,35.009165060982475,145.0,202.45179063360882,222.0
